{"cameraMode":{"drawMode":0,"name":"Shaded","section":"Shading Mode"},"sceneLighting":false,"audioPlay":false,"sceneViewState":{"m_AlwaysRefresh":false,"showFog":true,"showSkybox":true,"showFlares":true,"showImageEffects":true,"showParticleSystems":true,"showVisualEffectGraphs":true,"m_FxEnabled":true},"in2DMode":false,"pivot":{"x":-2.773660898208618,"y":0.12621450424194337,"z":10.375957489013672},"rotation":{"x":-0.3801807463169098,"y":0.11661919206380844,"z":-0.048388659954071048,"w":-0.9162545800209045},"size":3.833239793777466,"orthographic":false}